[{"id":0,"path":"images/image0","thumbnail":"thumbnail/thumb0","desc":"笑靥如花，曾经的那人遗落在了天涯海角。","thumbWidth":180,"thumbHeight":219.91304347826087,"width":460,"height":562},{"id":1,"path":"images/image1","thumbnail":"thumbnail/thumb1","desc":"海贼王","thumbWidth":180,"thumbHeight":272.04545454545456,"width":440,"height":665},{"id":2,"path":"images/image2","thumbnail":"thumbnail/thumb2","desc":"图楼]要多少图你们才相信， 控什么的和","thumbWidth":180,"thumbHeight":258.3,"width":1200,"height":1722},{"id":3,"path":"images/image3","thumbnail":"thumbnail/thumb3","desc":"清晨，阳光倾城。","thumbWidth":180,"thumbHeight":270,"width":440,"height":660},{"id":4,"path":"images/image4","thumbnail":"thumbnail/thumb4","desc":"【画】你想到了什么","thumbWidth":180,"thumbHeight":322.5882352941177,"width":510,"height":914},{"id":5,"path":"images/image5","thumbnail":"thumbnail/thumb5","desc":"340","thumbWidth":180,"thumbHeight":295.00640204865556,"width":781,"height":1280},{"id":6,"path":"images/image6","thumbnail":"thumbnail/thumb6","desc":"经典丶古诗词：心微动奈何情己远。物也非，...","thumbWidth":180,"thumbHeight":269.53125,"width":384,"height":575},{"id":7,"path":"images/image7","thumbnail":"thumbnail/thumb7","desc":"后宫动漫","thumbWidth":180,"thumbHeight":268.20578778135047,"width":1555,"height":2317},{"id":8,"path":"images/image8","thumbnail":"thumbnail/thumb8","desc":"中国书画艺术：清 奚冈《海棠玉兰图》--...","thumbWidth":180,"thumbHeight":735.5454545454546,"width":440,"height":1798},{"id":9,"path":"images/image9","thumbnail":"thumbnail/thumb9","desc":"动漫萌 妹子(45)","thumbWidth":180,"thumbHeight":498.59999999999997,"width":700,"height":1939},{"id":10,"path":"images/image10","thumbnail":"thumbnail/thumb10","desc":"海贼王","thumbWidth":180,"thumbHeight":270,"width":500,"height":750},{"id":11,"path":"images/image11","thumbnail":"thumbnail/thumb11","desc":"卡通手绘","thumbWidth":180,"thumbHeight":2817.171514543631,"width":997,"height":15604},{"id":12,"path":"images/image12","thumbnail":"thumbnail/thumb12","desc":"漂亮","thumbWidth":180,"thumbHeight":126.36,"width":500,"height":351},{"id":13,"path":"images/image13","thumbnail":"thumbnail/thumb13","desc":"动漫美少女","thumbWidth":180,"thumbHeight":289.544235924933,"width":746,"height":1200},{"id":14,"path":"images/image14","thumbnail":"thumbnail/thumb14","desc":"路飞","thumbWidth":180,"thumbHeight":296.403785488959,"width":317,"height":522},{"id":15,"path":"images/image15","thumbnail":"thumbnail/thumb15","desc":"动漫人物","thumbWidth":180,"thumbHeight":190.07999999999998,"width":1000,"height":1056},{"id":16,"path":"images/image16","thumbnail":"thumbnail/thumb16","desc":"后宫动漫","thumbWidth":180,"thumbHeight":258.3529411764706,"width":850,"height":1220},{"id":17,"path":"images/image17","thumbnail":"thumbnail/thumb17","desc":"☆〖图楼〗☆ 死神美图第二弹","thumbWidth":180,"thumbHeight":254.39999999999998,"width":600,"height":848},{"id":18,"path":"images/image18","thumbnail":"thumbnail/thumb18","desc":"【解析螺旋丸的由来与实用性】我会告诉你这是好贴~~~_火影忍者吧_百度贴吧","thumbWidth":180,"thumbHeight":229.7596153846154,"width":416,"height":531},{"id":19,"path":"images/image19","thumbnail":"thumbnail/thumb19","desc":"日本动漫美少女","thumbWidth":180,"thumbHeight":251.87390542907178,"width":571,"height":799},{"id":20,"path":"images/image20","thumbnail":"thumbnail/thumb20","desc":"憨豆先生","thumbWidth":180,"thumbHeight":254.7169811320755,"width":424,"height":600},{"id":21,"path":"images/image21","thumbnail":"thumbnail/thumb21","desc":"动漫 古风","thumbWidth":180,"thumbHeight":320,"width":360,"height":640},{"id":22,"path":"images/image22","thumbnail":"thumbnail/thumb22","desc":"股市四格漫画图片","thumbWidth":180,"thumbHeight":429.65034965034965,"width":429,"height":1024},{"id":23,"path":"images/image23","thumbnail":"thumbnail/thumb23","desc":"死神漫画原画彩图","thumbWidth":180,"thumbHeight":132,"width":1200,"height":880},{"id":24,"path":"images/image24","thumbnail":"thumbnail/thumb24","desc":"动漫美少女","thumbWidth":180,"thumbHeight":299.9117647058824,"width":680,"height":1133},{"id":25,"path":"images/image25","thumbnail":"thumbnail/thumb25","desc":"唯美动漫人物图片","thumbWidth":180,"thumbHeight":234.62321792260693,"width":491,"height":640},{"id":26,"path":"images/image26","thumbnail":"thumbnail/thumb26","desc":"动漫人物美图","thumbWidth":180,"thumbHeight":257.29411764705884,"width":510,"height":729},{"id":27,"path":"images/image27","thumbnail":"thumbnail/thumb27","desc":"一些动漫场景，个人感觉不错。","thumbWidth":180,"thumbHeight":246,"width":990,"height":1353},{"id":28,"path":"images/image28","thumbnail":"thumbnail/thumb28","desc":"二次元","thumbWidth":180,"thumbHeight":259.4594594594595,"width":888,"height":1280},{"id":29,"path":"images/image29","thumbnail":"thumbnail/thumb29","desc":"银魂银酱银他妈","thumbWidth":180,"thumbHeight":239.8695652173913,"width":460,"height":613},{"id":30,"path":"images/image30","thumbnail":"thumbnail/thumb30","desc":"漫画","thumbWidth":180,"thumbHeight":987.2340425531914,"width":423,"height":2320},{"id":31,"path":"images/image31","thumbnail":"thumbnail/thumb31","desc":"朱弦断，明镜缺，朝露晞，芳时歇，白头吟，...","thumbWidth":180,"thumbHeight":278.1227436823105,"width":554,"height":856},{"id":32,"path":"images/image32","thumbnail":"thumbnail/thumb32","desc":"古风","thumbWidth":180,"thumbHeight":1041.9545454545455,"width":440,"height":2547},{"id":33,"path":"images/image33","thumbnail":"thumbnail/thumb33","desc":"动漫恶魔美少女","thumbWidth":180,"thumbHeight":262.77372262773724,"width":685,"height":1000},{"id":34,"path":"images/image34","thumbnail":"thumbnail/thumb34","desc":"古风","thumbWidth":180,"thumbHeight":1020.2727272727274,"width":440,"height":2494},{"id":35,"path":"images/image35","thumbnail":"thumbnail/thumb35","desc":"扫盲咯！古代女子发型大全~~~   来自...","thumbWidth":180,"thumbHeight":940.2403846153846,"width":416,"height":2173},{"id":36,"path":"images/image36","thumbnail":"thumbnail/thumb36","desc":"如果哭，请痛哭。没有关系，哭是可以的，悲伤是可以的，我们大声哭出来，哭够了哭累了，我们抹干眼泪重新再跑。","thumbWidth":180,"thumbHeight":1401.1363636363637,"width":440,"height":3425},{"id":37,"path":"images/image37","thumbnail":"thumbnail/thumb37","desc":"死神/速度涂料","thumbWidth":180,"thumbHeight":290.8908406524467,"width":797,"height":1288},{"id":38,"path":"images/image38","thumbnail":"thumbnail/thumb38","desc":"性爱 卡通 可爱 萌 漫画 姿势","thumbWidth":180,"thumbHeight":188.14285714285714,"width":420,"height":439},{"id":39,"path":"images/image39","thumbnail":"thumbnail/thumb39","desc":"发点养眼的图~不定期更新~不喜勿喷~","thumbWidth":180,"thumbHeight":228.93674293405115,"width":743,"height":945},{"id":40,"path":"images/image40","thumbnail":"thumbnail/thumb40","desc":"二次元","thumbWidth":180,"thumbHeight":240.12765957446808,"width":470,"height":627},{"id":41,"path":"images/image41","thumbnail":"thumbnail/thumb41","desc":"动漫恶魔美少女","thumbWidth":180,"thumbHeight":262.13592233009706,"width":412,"height":600},{"id":42,"path":"images/image42","thumbnail":"thumbnail/thumb42","desc":"二次元","thumbWidth":180,"thumbHeight":254.53846153846155,"width":780,"height":1103},{"id":43,"path":"images/image43","thumbnail":"thumbnail/thumb43","desc":"动漫美少女","thumbWidth":180,"thumbHeight":255.71587125416204,"width":901,"height":1280},{"id":44,"path":"images/image44","thumbnail":"thumbnail/thumb44","desc":"Girl动漫人物。","thumbWidth":180,"thumbHeight":496.6356720202874,"width":1183,"height":3264},{"id":45,"path":"images/image45","thumbnail":"thumbnail/thumb45","desc":"谁说蓝色就代表忧伤，看看天空和海洋。","thumbWidth":180,"thumbHeight":310.28880866425993,"width":554,"height":955},{"id":46,"path":"images/image46","thumbnail":"thumbnail/thumb46","desc":"比较全的眼睛画法，大家苦修技艺吧~","thumbWidth":180,"thumbHeight":797.3181818181819,"width":440,"height":1949},{"id":47,"path":"images/image47","thumbnail":"thumbnail/thumb47","desc":"#火影忍者","thumbWidth":180,"thumbHeight":277.734375,"width":1024,"height":1580},{"id":48,"path":"images/image48","thumbnail":"thumbnail/thumb48","desc":"动漫动画 动漫人物 月夜茶会 &gt;","thumbWidth":180,"thumbHeight":256.71309192200556,"width":718,"height":1024},{"id":49,"path":"images/image49","thumbnail":"thumbnail/thumb49","desc":"火影忍者","thumbWidth":180,"thumbHeight":1080,"width":510,"height":3060},{"id":50,"path":"images/image50","thumbnail":"thumbnail/thumb50","desc":"名字：松前绪花出自：花开伊吕波属性：天然呆 治愈 少女人物简介：因母亲的男朋友和母亲的原因不得不离开了从小生长的东京。而从小长大的青梅竹马种村孝一又突然的告白，突然的离别。当时并未明白自己的感情。开始对外婆所喜翠庄抱有美好的幻想，但因初来乍到经常犯错。生活久了并对喜翠庄有了很深的感情。","thumbWidth":180,"thumbHeight":270,"width":500,"height":750},{"id":51,"path":"images/image51","thumbnail":"thumbnail/thumb51","desc":"手绘","thumbWidth":180,"thumbHeight":266.8,"width":450,"height":667},{"id":52,"path":"images/image52","thumbnail":"thumbnail/thumb52","desc":"72海贼王72","thumbWidth":180,"thumbHeight":302.40000000000003,"width":400,"height":672},{"id":53,"path":"images/image53","thumbnail":"thumbnail/thumb53","desc":"宫崎骏","thumbWidth":180,"thumbHeight":278.01680672268907,"width":595,"height":919},{"id":54,"path":"images/image54","thumbnail":"thumbnail/thumb54","desc":"【皮最可爱，无可取代】各种黄老鼠的萌图。","thumbWidth":180,"thumbHeight":225,"width":580,"height":725},{"id":55,"path":"images/image55","thumbnail":"thumbnail/thumb55","desc":"原画","thumbWidth":180,"thumbHeight":270,"width":460,"height":690},{"id":56,"path":"images/image56","thumbnail":"thumbnail/thumb56","desc":"【萌图】&amp;#8212 &amp;#8212 &amp;#160 无与伦比的美","thumbWidth":180,"thumbHeight":301.5,"width":440,"height":737},{"id":57,"path":"images/image57","thumbnail":"thumbnail/thumb57","desc":"【照片】强烈要求基德照片！能满足我嘛？","thumbWidth":180,"thumbHeight":266.66666666666663,"width":405,"height":600},{"id":58,"path":"images/image58","thumbnail":"thumbnail/thumb58","desc":"【一起盖楼】各位绅士们都来献上你们收藏的高清绅士图吧 后宫动漫吧 百度贴吧","thumbWidth":180,"thumbHeight":256.9655172413793,"width":580,"height":828},{"id":59,"path":"images/image59","thumbnail":"thumbnail/thumb59","desc":"【忍术·解析】螺旋丸的前世今生与实用性及角色兼容性 - 火影忍者分析区 - 漫漫看动漫论坛 - Powered by Discuz!","thumbWidth":180,"thumbHeight":343.17391304347825,"width":460,"height":877},{"id":60,"path":"images/image60","thumbnail":"thumbnail/thumb60","desc":"忘川处，我摆来一生的渡，只为到达你的彼岸","thumbWidth":180,"thumbHeight":255.23999999999998,"width":500,"height":709},{"id":61,"path":"images/image61","thumbnail":"thumbnail/thumb61","desc":"动漫 古风","thumbWidth":180,"thumbHeight":254.72924187725633,"width":554,"height":784},{"id":62,"path":"images/image62","thumbnail":"thumbnail/thumb62","desc":"一世倾城容颜，抵不过青葱岁月，终化尘埃。","thumbWidth":180,"thumbHeight":748.8,"width":500,"height":2080},{"id":63,"path":"images/image63","thumbnail":"thumbnail/thumb63","desc":".、古风、耽美","thumbWidth":180,"thumbHeight":261.5294117647059,"width":510,"height":741},{"id":64,"path":"images/image64","thumbnail":"thumbnail/thumb64","desc":"动漫美少女","thumbWidth":180,"thumbHeight":263.88990825688074,"width":545,"height":799},{"id":65,"path":"images/image65","thumbnail":"thumbnail/thumb65","desc":"动漫美少女","thumbWidth":180,"thumbHeight":242.39999999999998,"width":600,"height":808},{"id":66,"path":"images/image66","thumbnail":"thumbnail/thumb66","desc":"【求图】银发美少女","thumbWidth":180,"thumbHeight":259.927797833935,"width":554,"height":800},{"id":67,"path":"images/image67","thumbnail":"thumbnail/thumb67","desc":"动漫美少女","thumbWidth":180,"thumbHeight":268.65671641791045,"width":469,"height":700},{"id":68,"path":"images/image68","thumbnail":"thumbnail/thumb68","desc":"?? (￣▽￣＃) ﹏、收录于itme、动漫、手绘、华丽丽精致、美图VVVVVV5、暖色调、二次元、萌、可爱、APH、黑塔利亚","thumbWidth":180,"thumbHeight":132.84,"width":500,"height":369},{"id":69,"path":"images/image69","thumbnail":"thumbnail/thumb69","desc":"动漫 二次元","thumbWidth":180,"thumbHeight":289.5652173913044,"width":460,"height":740},{"id":70,"path":"images/image70","thumbnail":"thumbnail/thumb70","desc":"漫画","thumbWidth":180,"thumbHeight":343.42960288808666,"width":554,"height":1057},{"id":71,"path":"images/image71","thumbnail":"thumbnail/thumb71","desc":"动漫 二次元","thumbWidth":180,"thumbHeight":254.45454545454547,"width":440,"height":622},{"id":72,"path":"images/image72","thumbnail":"thumbnail/thumb72","desc":"漫画","thumbWidth":180,"thumbHeight":981.8181818181819,"width":440,"height":2400},{"id":73,"path":"images/image73","thumbnail":"thumbnail/thumb73","desc":"动漫 二次元","thumbWidth":180,"thumbHeight":261.71999999999997,"width":500,"height":727},{"id":74,"path":"images/image74","thumbnail":"thumbnail/thumb74","desc":"动漫 漫画","thumbWidth":180,"thumbHeight":224.18772563176896,"width":554,"height":690},{"id":75,"path":"images/image75","thumbnail":"thumbnail/thumb75","desc":"动漫 二次元","thumbWidth":180,"thumbHeight":252.33644859813083,"width":642,"height":900},{"id":76,"path":"images/image76","thumbnail":"thumbnail/thumb76","desc":"动漫美少女","thumbWidth":180,"thumbHeight":260.6334841628959,"width":884,"height":1280},{"id":77,"path":"images/image77","thumbnail":"thumbnail/thumb77","desc":"动漫","thumbWidth":180,"thumbHeight":256.4102564102564,"width":702,"height":1000},{"id":78,"path":"images/image78","thumbnail":"thumbnail/thumb78","desc":"突然发现自从成立小站已经很久了-0-！感谢大家一路以来的支持！虽然我很爱偷懒，但是我不会忘记这里的~~~~！！！！！","thumbWidth":180,"thumbHeight":346.1538461538462,"width":364,"height":700},{"id":79,"path":"images/image79","thumbnail":"thumbnail/thumb79","desc":"【樱落】 你的眼神","thumbWidth":180,"thumbHeight":791.5909090909091,"width":440,"height":1935},{"id":80,"path":"images/image80","thumbnail":"thumbnail/thumb80","desc":"海贼王 恶魔果实","thumbWidth":180,"thumbHeight":1231.3636363636365,"width":440,"height":3010},{"id":81,"path":"images/image81","thumbnail":"thumbnail/thumb81","desc":"【图楼】 不倾城，倾其所爱","thumbWidth":180,"thumbHeight":240,"width":450,"height":600},{"id":82,"path":"images/image82","thumbnail":"thumbnail/thumb82","desc":"海贼王女帝蛇姬被轮图第3张","thumbWidth":180,"thumbHeight":112.5,"width":1440,"height":900},{"id":83,"path":"images/image83","thumbnail":"thumbnail/thumb83","desc":"火影忍者","thumbWidth":180,"thumbHeight":292.9007633587786,"width":786,"height":1279},{"id":84,"path":"images/image84","thumbnail":"thumbnail/thumb84","desc":"#美61哆啦A梦#Cos达人蓝胖67子归来！","thumbWidth":180,"thumbHeight":2668.846153846154,"width":520,"height":7710},{"id":85,"path":"images/image85","thumbnail":"thumbnail/thumb85","desc":"死神BLEACH群_腾讯微博","thumbWidth":180,"thumbHeight":254.11764705882354,"width":425,"height":600},{"id":86,"path":"images/image86","thumbnail":"thumbnail/thumb86","desc":"原画","thumbWidth":180,"thumbHeight":127.02857142857141,"width":700,"height":494},{"id":87,"path":"images/image87","thumbnail":"thumbnail/thumb87","desc":"【漫图】自己收集的一些动漫场景 唯美 意境","thumbWidth":180,"thumbHeight":254.79452054794518,"width":438,"height":620},{"id":88,"path":"images/image88","thumbnail":"thumbnail/thumb88","desc":"图楼]要多少图你们才相信， 控什么的和","thumbWidth":180,"thumbHeight":281.31868131868134,"width":819,"height":1280},{"id":89,"path":"images/image89","thumbnail":"thumbnail/thumb89","desc":"全装备独角兽高达","thumbWidth":180,"thumbHeight":306.14906832298135,"width":1932,"height":3286},{"id":90,"path":"images/image90","thumbnail":"thumbnail/thumb90","desc":"动漫 古风","thumbWidth":180,"thumbHeight":335.910780669145,"width":538,"height":1004},{"id":91,"path":"images/image91","thumbnail":"thumbnail/thumb91","desc":"古风帅图~","thumbWidth":180,"thumbHeight":253.63636363636365,"width":440,"height":620},{"id":92,"path":"images/image92","thumbnail":"thumbnail/thumb92","desc":"。","thumbWidth":180,"thumbHeight":270,"width":510,"height":765},{"id":93,"path":"images/image93","thumbnail":"thumbnail/thumb93","desc":"插画手绘","thumbWidth":180,"thumbHeight":225.16245487364623,"width":554,"height":693},{"id":94,"path":"images/image94","thumbnail":"thumbnail/thumb94","desc":"美少女漫画图片","thumbWidth":180,"thumbHeight":135,"width":1024,"height":768},{"id":95,"path":"images/image95","thumbnail":"thumbnail/thumb95","desc":"关于环境的美少女动漫","thumbWidth":180,"thumbHeight":248.65714285714284,"width":700,"height":967},{"id":96,"path":"images/image96","thumbnail":"thumbnail/thumb96","desc":"二次元","thumbWidth":180,"thumbHeight":239.7,"width":600,"height":799},{"id":97,"path":"images/image97","thumbnail":"thumbnail/thumb97","desc":"#燃烧的前列腺#","thumbWidth":180,"thumbHeight":780.9545454545455,"width":440,"height":1909},{"id":98,"path":"images/image98","thumbnail":"thumbnail/thumb98","desc":"动漫美少男","thumbWidth":180,"thumbHeight":208.69565217391303,"width":690,"height":800},{"id":99,"path":"images/image99","thumbnail":"thumbnail/thumb99","desc":"45","thumbWidth":180,"thumbHeight":274,"width":720,"height":1096}]